idx,title,desc,link,address
1,<b>동탄</b>1신도시,,,경기도 화성시 반송동
2,<b>동탄</b>호수공원,,,경기도 화성시 송동 111
3,이케아 IKEA 기흥점,,,경기도 용인시 기흥구 고매동 산41-7
4,고매커피,,,경기도 용인시 기흥구 고매동 245-2
5,포레스트,,,경기도 화성시 반송동 50-8 1층
6,<b>동탄</b>1신도시,,,경기도 화성시 반송동
7,<b>동탄</b>호수공원,,,경기도 화성시 송동 111
8,이케아 IKEA 기흥점,,,경기도 용인시 기흥구 고매동 산41-7
9,고매커피,,,경기도 용인시 기흥구 고매동 245-2
10,포레스트,,,경기도 화성시 반송동 50-8 1층
11,<b>동탄</b>1신도시,,,경기도 화성시 반송동
12,<b>동탄</b>호수공원,,,경기도 화성시 송동 111
13,이케아 IKEA 기흥점,,,경기도 용인시 기흥구 고매동 산41-7
14,고매커피,,,경기도 용인시 기흥구 고매동 245-2
15,포레스트,,,경기도 화성시 반송동 50-8 1층
16,<b>동탄</b>1신도시,,,경기도 화성시 반송동
17,<b>동탄</b>호수공원,,,경기도 화성시 송동 111
18,이케아 IKEA 기흥점,,,경기도 용인시 기흥구 고매동 산41-7
19,고매커피,,,경기도 용인시 기흥구 고매동 245-2
20,포레스트,,,경기도 화성시 반송동 50-8 1층
21,<b>동탄</b>1신도시,,,경기도 화성시 반송동
22,<b>동탄</b>호수공원,,,경기도 화성시 송동 111
23,이케아 IKEA 기흥점,,,경기도 용인시 기흥구 고매동 산41-7
24,고매커피,,,경기도 용인시 기흥구 고매동 245-2
25,포레스트,,,경기도 화성시 반송동 50-8 1층
26,<b>동탄</b>1신도시,,,경기도 화성시 반송동
27,<b>동탄</b>호수공원,,,경기도 화성시 송동 111
28,이케아 IKEA 기흥점,,,경기도 용인시 기흥구 고매동 산41-7
29,고매커피,,,경기도 용인시 기흥구 고매동 245-2
30,포레스트,,,경기도 화성시 반송동 50-8 1층
31,<b>동탄</b>1신도시,,,경기도 화성시 반송동
32,<b>동탄</b>호수공원,,,경기도 화성시 송동 111
33,이케아 IKEA 기흥점,,,경기도 용인시 기흥구 고매동 산41-7
34,고매커피,,,경기도 용인시 기흥구 고매동 245-2
35,포레스트,,,경기도 화성시 반송동 50-8 1층
36,<b>동탄</b>1신도시,,,경기도 화성시 반송동
37,<b>동탄</b>호수공원,,,경기도 화성시 송동 111
38,이케아 IKEA 기흥점,,,경기도 용인시 기흥구 고매동 산41-7
39,고매커피,,,경기도 용인시 기흥구 고매동 245-2
40,포레스트,,,경기도 화성시 반송동 50-8 1층
41,<b>동탄</b>1신도시,,,경기도 화성시 반송동
42,<b>동탄</b>호수공원,,,경기도 화성시 송동 111
43,이케아 IKEA 기흥점,,,경기도 용인시 기흥구 고매동 산41-7
44,고매커피,,,경기도 용인시 기흥구 고매동 245-2
45,포레스트,,,경기도 화성시 반송동 50-8 1층
46,<b>동탄</b>1신도시,,,경기도 화성시 반송동
47,<b>동탄</b>호수공원,,,경기도 화성시 송동 111
48,이케아 IKEA 기흥점,,,경기도 용인시 기흥구 고매동 산41-7
49,고매커피,,,경기도 용인시 기흥구 고매동 245-2
50,포레스트,,,경기도 화성시 반송동 50-8 1층
51,<b>동탄</b>1신도시,,,경기도 화성시 반송동
52,<b>동탄</b>호수공원,,,경기도 화성시 송동 111
53,이케아 IKEA 기흥점,,,경기도 용인시 기흥구 고매동 산41-7
54,고매커피,,,경기도 용인시 기흥구 고매동 245-2
55,포레스트,,,경기도 화성시 반송동 50-8 1층
56,<b>동탄</b>1신도시,,,경기도 화성시 반송동
57,<b>동탄</b>호수공원,,,경기도 화성시 송동 111
58,이케아 IKEA 기흥점,,,경기도 용인시 기흥구 고매동 산41-7
59,고매커피,,,경기도 용인시 기흥구 고매동 245-2
60,포레스트,,,경기도 화성시 반송동 50-8 1층
61,<b>동탄</b>1신도시,,,경기도 화성시 반송동
62,<b>동탄</b>호수공원,,,경기도 화성시 송동 111
63,이케아 IKEA 기흥점,,,경기도 용인시 기흥구 고매동 산41-7
64,고매커피,,,경기도 용인시 기흥구 고매동 245-2
65,포레스트,,,경기도 화성시 반송동 50-8 1층
66,<b>동탄</b>1신도시,,,경기도 화성시 반송동
67,<b>동탄</b>호수공원,,,경기도 화성시 송동 111
68,이케아 IKEA 기흥점,,,경기도 용인시 기흥구 고매동 산41-7
69,고매커피,,,경기도 용인시 기흥구 고매동 245-2
70,포레스트,,,경기도 화성시 반송동 50-8 1층
